textID,sortedAnswerList
1_1,-1
1_2,-1
1_3,-1
1_4,-1
1_5,-1
2_1,-1
2_2,-1
2_3,-1
2_4,-1
2_5,-1
3_1,8
3_2,-1
3_3,-1
3_4,-1
3_5,-1
4_1,8
4_2,-1
4_3,-1
4_4,-1
4_5,-1
5_1,9
5_2,-1
5_3,-1
5_4,-1
5_5,-1
6_1,-1
6_2,-1
6_3,-1
6_4,-1
6_5,-1
7_1,-1
7_2,-1
7_3,-1
7_4,-1
7_5,-1
8_1,4
8_2,-1
8_3,-1
8_4,-1
8_5,-1
9_1,8
9_2,-1
9_3,-1
9_4,-1
9_5,-1
10_1,4 8
10_2,-1
10_3,-1
10_4,-1
10_5,-1
11_1,-1
11_2,-1
11_3,-1
11_4,-1
11_5,-1
12_1,-1
12_2,-1
12_3,-1
12_4,-1
12_5,-1
13_1,4
13_2,-1
13_3,-1
13_4,-1
13_5,-1
14_1,9
14_2,-1
14_3,-1
14_4,-1
14_5,-1
15_1,9
15_2,-1
15_3,-1
15_4,-1
15_5,-1
16_1,9
16_2,-1
16_3,-1
16_4,-1
16_5,-1
17_1,4
17_2,-1
17_3,-1
17_4,-1
17_5,-1
18_1,4
18_2,-1
18_3,4
18_4,-1
18_5,-1
19_1,9
19_2,-1
19_3,-1
19_4,-1
19_5,-1
20_1,4
20_2,-1
20_3,-1
20_4,-1
20_5,-1
21_1,4
21_2,-1
21_3,-1
21_4,-1
21_5,-1
22_1,9
22_2,-1
22_3,-1
22_4,-1
22_5,-1
23_1,4
23_2,-1
23_3,-1
23_4,-1
23_5,-1
24_1,-1
24_2,-1
24_3,-1
24_4,-1
24_5,-1
25_1,4
25_2,-1
25_3,-1
25_4,-1
25_5,-1
26_1,4 8
26_2,-1
26_3,-1
26_4,-1
26_5,-1
27_1,4 8
27_2,-1
27_3,-1
27_4,-1
27_5,-1
28_1,4 8
28_2,-1
28_3,-1
28_4,-1
28_5,-1
29_1,9
29_2,-1
29_3,-1
29_4,-1
29_5,-1
30_1,-1
30_2,-1
30_3,-1
30_4,-1
30_5,-1
31_1,-1
31_2,-1
31_3,-1
31_4,-1
31_5,-1
32_1,4
32_2,-1
32_3,-1
32_4,-1
32_5,-1
33_1,8
33_2,-1
33_3,-1
33_4,-1
33_5,-1
34_1,4
34_2,-1
34_3,-1
34_4,-1
34_5,-1
35_1,4
35_2,-1
35_3,-1
35_4,-1
35_5,-1
36_1,-1
36_2,-1
36_3,-1
36_4,-1
36_5,-1
37_1,9
37_2,-1
37_3,-1
37_4,-1
37_5,-1
38_1,-1
38_2,-1
38_3,-1
38_4,-1
38_5,-1
39_1,4
39_2,-1
39_3,-1
39_4,-1
39_5,-1
40_1,-1
40_2,-1
40_3,-1
40_4,-1
40_5,-1
41_1,9
41_2,-1
41_3,-1
41_4,-1
41_5,-1
42_1,4
42_2,-1
42_3,-1
42_4,-1
42_5,-1
43_1,9
43_2,-1
43_3,-1
43_4,-1
43_5,-1
44_1,-1
44_2,-1
44_3,-1
44_4,-1
44_5,-1
45_1,-1
45_2,-1
45_3,-1
45_4,-1
45_5,-1
46_1,-1
46_2,-1
46_3,-1
46_4,-1
46_5,-1
47_1,9
47_2,-1
47_3,-1
47_4,-1
47_5,-1
48_1,9
48_2,-1
48_3,-1
48_4,-1
48_5,-1
49_1,9
49_2,-1
49_3,-1
49_4,-1
49_5,-1
50_1,4
50_2,-1
50_3,-1
50_4,-1
50_5,-1
51_1,4
51_2,-1
51_3,-1
51_4,-1
51_5,-1
52_1,-1
52_2,-1
52_3,-1
52_4,-1
52_5,-1
53_1,-1
53_2,-1
53_3,-1
53_4,-1
53_5,-1
54_1,4 8
54_2,-1
54_3,-1
54_4,-1
54_5,-1
55_1,4 8
55_2,-1
55_3,-1
55_4,-1
55_5,-1
56_1,4 8
56_2,-1
56_3,-1
56_4,-1
56_5,-1
57_1,8
57_2,-1
57_3,-1
57_4,-1
57_5,-1
58_1,4
58_2,-1
58_3,-1
58_4,-1
58_5,-1
59_1,-1
59_2,-1
59_3,-1
59_4,-1
59_5,-1
60_1,-1
60_2,-1
60_3,-1
60_4,-1
60_5,-1
61_1,-1
61_2,-1
61_3,-1
61_4,-1
61_5,-1
62_1,-1
62_2,-1
62_3,-1
62_4,-1
62_5,-1
63_1,4 8
63_2,-1
63_3,-1
63_4,-1
63_5,-1
64_1,4
64_2,-1
64_3,-1
64_4,-1
64_5,-1
65_1,4
65_2,-1
65_3,-1
65_4,-1
65_5,-1
66_1,9
66_2,-1
66_3,-1
66_4,-1
66_5,-1
67_1,9
67_2,-1
67_3,-1
67_4,-1
67_5,-1
68_1,4
68_2,-1
68_3,-1
68_4,-1
68_5,-1
69_1,4
69_2,-1
69_3,-1
69_4,-1
69_5,-1
70_1,9
70_2,-1
70_3,-1
70_4,-1
70_5,-1
71_1,-1
71_2,-1
71_3,-1
71_4,-1
71_5,-1
72_1,9
72_2,-1
72_3,-1
72_4,-1
72_5,-1
73_1,-1
73_2,-1
73_3,-1
73_4,-1
73_5,-1
74_1,9
74_2,-1
74_3,-1
74_4,-1
74_5,-1
75_1,8
75_2,-1
75_3,-1
75_4,-1
75_5,-1
76_1,9
76_2,-1
76_3,-1
76_4,-1
76_5,-1
77_1,14
77_2,-1
77_3,-1
77_4,-1
77_5,-1
78_1,9
78_2,-1
78_3,-1
78_4,-1
78_5,-1
79_1,-1
79_2,-1
79_3,-1
79_4,-1
79_5,-1
80_1,4
80_2,-1
80_3,-1
80_4,-1
80_5,-1
81_1,4
81_2,-1
81_3,-1
81_4,-1
81_5,-1
82_1,9
82_2,-1
82_3,-1
82_4,-1
82_5,-1
83_1,4
83_2,-1
83_3,-1
83_4,-1
83_5,-1
84_1,-1
84_2,-1
84_3,-1
84_4,-1
84_5,-1
85_1,9
85_2,-1
85_3,-1
85_4,-1
85_5,-1
86_1,-1
86_2,-1
86_3,-1
86_4,-1
86_5,-1
87_1,9
87_2,-1
87_3,-1
87_4,-1
87_5,-1
88_1,4
88_2,-1
88_3,-1
88_4,-1
88_5,-1
89_1,4
89_2,-1
89_3,-1
89_4,-1
89_5,-1
90_1,-1
90_2,-1
90_3,-1
90_4,-1
90_5,-1
91_1,9
91_2,-1
91_3,-1
91_4,-1
91_5,-1
92_1,9
92_2,-1
92_3,-1
92_4,-1
92_5,-1
93_1,4
93_2,-1
93_3,-1
93_4,-1
93_5,-1
94_1,4
94_2,-1
94_3,-1
94_4,-1
94_5,-1
95_1,-1
95_2,-1
95_3,-1
95_4,-1
95_5,-1
96_1,4
96_2,-1
96_3,-1
96_4,-1
96_5,-1
97_1,9
97_2,-1
97_3,-1
97_4,-1
97_5,-1
98_1,-1
98_2,-1
98_3,-1
98_4,-1
98_5,-1
99_1,-1
99_2,-1
99_3,-1
99_4,-1
99_5,-1
100_1,4
100_2,-1
100_3,-1
100_4,-1
100_5,-1
101_1,9
101_2,-1
101_3,-1
101_4,-1
101_5,-1
102_1,9
102_2,-1
102_3,-1
102_4,-1
102_5,-1
103_1,4
103_2,-1
103_3,-1
103_4,-1
103_5,-1
104_1,4 8
104_2,-1
104_3,-1
104_4,-1
104_5,-1
105_1,9
105_2,-1
105_3,-1
105_4,-1
105_5,-1
106_1,4 8
106_2,-1
106_3,-1
106_4,-1
106_5,-1
107_1,4
107_2,-1
107_3,-1
107_4,-1
107_5,-1
108_1,-1
108_2,-1
108_3,-1
108_4,-1
108_5,-1
109_1,-1
109_2,-1
109_3,-1
109_4,-1
109_5,-1
110_1,9
110_2,-1
110_3,-1
110_4,-1
110_5,-1
111_1,9
111_2,-1
111_3,-1
111_4,-1
111_5,-1
112_1,4
112_2,-1
112_3,-1
112_4,-1
112_5,-1
113_1,4
113_2,-1
113_3,-1
113_4,-1
113_5,-1
114_1,-1
114_2,-1
114_3,-1
114_4,-1
114_5,-1
115_1,4
115_2,-1
115_3,-1
115_4,-1
115_5,-1
116_1,4
116_2,-1
116_3,-1
116_4,-1
116_5,-1
117_1,-1
117_2,-1
117_3,-1
117_4,-1
117_5,-1
118_1,9
118_2,-1
118_3,-1
118_4,-1
118_5,-1
119_1,4 8
119_2,-1
119_3,-1
119_4,-1
119_5,-1
120_1,-1
120_2,-1
120_3,-1
120_4,-1
120_5,-1
121_1,4 8
121_2,-1
121_3,-1
121_4,-1
121_5,-1
122_1,4
122_2,-1
122_3,-1
122_4,-1
122_5,-1
123_1,4
123_2,-1
123_3,-1
123_4,-1
123_5,-1
124_1,4 8
124_2,-1
124_3,-1
124_4,-1
124_5,-1
125_1,4
125_2,-1
125_3,-1
125_4,-1
125_5,-1
126_1,-1
126_2,-1
126_3,-1
126_4,-1
126_5,-1
127_1,-1
127_2,-1
127_3,-1
127_4,-1
127_5,-1
128_1,9
128_2,-1
128_3,-1
128_4,-1
128_5,-1
129_1,8
129_2,-1
129_3,-1
129_4,-1
129_5,-1
130_1,4 8
130_2,-1
130_3,-1
130_4,-1
130_5,-1
131_1,4 8
131_2,-1
131_3,-1
131_4,-1
131_5,-1
132_1,-1
132_2,-1
132_3,-1
132_4,-1
132_5,-1
133_1,4 8
133_2,-1
133_3,-1
133_4,-1
133_5,-1
134_1,8
134_2,-1
134_3,-1
134_4,-1
134_5,-1
135_1,-1
135_2,-1
135_3,-1
135_4,-1
135_5,-1
136_1,9
136_2,-1
136_3,-1
136_4,-1
136_5,-1
137_1,4
137_2,-1
137_3,-1
137_4,-1
137_5,-1
138_1,4
138_2,-1
138_3,-1
138_4,-1
138_5,-1
139_1,-1
139_2,-1
139_3,-1
139_4,-1
139_5,-1
140_1,-1
140_2,-1
140_3,-1
140_4,-1
140_5,-1
141_1,-1
141_2,-1
141_3,-1
141_4,-1
141_5,-1
142_1,4
142_2,-1
142_3,-1
142_4,-1
142_5,-1
143_1,-1
143_2,-1
143_3,-1
143_4,-1
143_5,-1
144_1,9
144_2,-1
144_3,-1
144_4,-1
144_5,-1
145_1,4 8
145_2,-1
145_3,-1
145_4,-1
145_5,-1
146_1,9
146_2,-1
146_3,-1
146_4,-1
146_5,-1
147_1,8
147_2,-1
147_3,-1
147_4,-1
147_5,-1
148_1,9
148_2,-1
148_3,-1
148_4,-1
148_5,-1
149_1,9
149_2,-1
149_3,-1
149_4,-1
149_5,-1
150_1,9
150_2,-1
150_3,-1
150_4,-1
150_5,-1
151_1,9
151_2,-1
151_3,-1
151_4,-1
151_5,-1
152_1,4
152_2,-1
152_3,-1
152_4,-1
152_5,-1
153_1,4 8
153_2,-1
153_3,-1
153_4,-1
153_5,-1
154_1,-1
154_2,-1
154_3,-1
154_4,-1
154_5,-1
155_1,4
155_2,-1
155_3,-1
155_4,-1
155_5,-1
156_1,9
156_2,-1
156_3,-1
156_4,-1
156_5,-1
157_1,-1
157_2,-1
157_3,-1
157_4,-1
157_5,-1
158_1,4
158_2,-1
158_3,-1
158_4,-1
158_5,-1
159_1,9
159_2,-1
159_3,-1
159_4,-1
159_5,-1
160_1,9
160_2,-1
160_3,-1
160_4,-1
160_5,-1
161_1,-1
161_2,-1
161_3,-1
161_4,-1
161_5,-1
162_1,-1
162_2,-1
162_3,-1
162_4,-1
162_5,-1
163_1,4
163_2,-1
163_3,-1
163_4,-1
163_5,-1
164_1,4
164_2,-1
164_3,-1
164_4,-1
164_5,-1
165_1,-1
165_2,-1
165_3,-1
165_4,-1
165_5,-1
166_1,9
166_2,-1
166_3,-1
166_4,-1
166_5,-1
167_1,-1
167_2,-1
167_3,-1
167_4,-1
167_5,-1
168_1,-1
168_2,-1
168_3,-1
168_4,-1
168_5,-1
169_1,-1
169_2,-1
169_3,-1
169_4,-1
169_5,-1
170_1,9
170_2,-1
170_3,-1
170_4,-1
170_5,-1
171_1,4
171_2,-1
171_3,-1
171_4,-1
171_5,-1
172_1,-1
172_2,-1
172_3,-1
172_4,-1
172_5,-1
173_1,8
173_2,-1
173_3,-1
173_4,-1
173_5,-1
174_1,9
174_2,-1
174_3,-1
174_4,-1
174_5,-1
175_1,9
175_2,-1
175_3,-1
175_4,-1
175_5,-1
176_1,9
176_2,-1
176_3,-1
176_4,-1
176_5,-1
177_1,9
177_2,-1
177_3,-1
177_4,-1
177_5,-1
178_1,4 8
178_2,-1
178_3,-1
178_4,-1
178_5,-1
179_1,4
179_2,-1
179_3,-1
179_4,-1
179_5,-1
180_1,-1
180_2,-1
180_3,-1
180_4,-1
180_5,-1
181_1,-1
181_2,-1
181_3,-1
181_4,-1
181_5,-1
182_1,9
182_2,-1
182_3,-1
182_4,-1
182_5,-1
183_1,4
183_2,-1
183_3,-1
183_4,-1
183_5,-1
184_1,-1
184_2,-1
184_3,-1
184_4,-1
184_5,-1
185_1,8
185_2,-1
185_3,-1
185_4,-1
185_5,-1
186_1,9
186_2,-1
186_3,-1
186_4,-1
186_5,-1
187_1,4 8
187_2,-1
187_3,-1
187_4,-1
187_5,-1
188_1,9
188_2,-1
188_3,-1
188_4,-1
188_5,-1
189_1,4
189_2,-1
189_3,-1
189_4,-1
189_5,-1
190_1,-1
190_2,-1
190_3,-1
190_4,-1
190_5,-1
191_1,9
191_2,-1
191_3,-1
191_4,-1
191_5,-1
192_1,-1
192_2,-1
192_3,-1
192_4,-1
192_5,-1
193_1,9
193_2,-1
193_3,-1
193_4,-1
193_5,-1
194_1,4
194_2,-1
194_3,-1
194_4,-1
194_5,-1
195_1,4 8
195_2,-1
195_3,-1
195_4,-1
195_5,-1
196_1,4
196_2,-1
196_3,-1
196_4,-1
196_5,-1
197_1,-1
197_2,-1
197_3,-1
197_4,-1
197_5,-1
198_1,9
198_2,-1
198_3,-1
198_4,-1
198_5,-1
199_1,9
199_2,-1
199_3,-1
199_4,-1
199_5,-1
200_1,9
200_2,-1
200_3,-1
200_4,-1
200_5,-1
201_1,9
201_2,-1
201_3,-1
201_4,-1
201_5,-1
202_1,4
202_2,-1
202_3,-1
202_4,-1
202_5,-1
203_1,-1
203_2,-1
203_3,-1
203_4,-1
203_5,-1
204_1,4 8
204_2,-1
204_3,-1
204_4,-1
204_5,-1
205_1,4
205_2,-1
205_3,-1
205_4,-1
205_5,-1
206_1,8
206_2,-1
206_3,-1
206_4,-1
206_5,-1
207_1,-1
207_2,-1
207_3,-1
207_4,-1
207_5,-1
208_1,4
208_2,-1
208_3,-1
208_4,-1
208_5,-1
209_1,-1
209_2,-1
209_3,-1
209_4,-1
209_5,-1
210_1,9
210_2,-1
210_3,-1
210_4,-1
210_5,-1
211_1,9
211_2,-1
211_3,-1
211_4,-1
211_5,-1
212_1,4
212_2,-1
212_3,-1
212_4,-1
212_5,-1
213_1,-1
213_2,-1
213_3,-1
213_4,-1
213_5,-1
214_1,8
214_2,-1
214_3,-1
214_4,-1
214_5,-1
215_1,8
215_2,-1
215_3,-1
215_4,-1
215_5,-1
216_1,-1
216_2,-1
216_3,-1
216_4,-1
216_5,-1
217_1,8
217_2,-1
217_3,-1
217_4,-1
217_5,-1
218_1,4
218_2,-1
218_3,-1
218_4,-1
218_5,-1
219_1,-1
219_2,-1
219_3,-1
219_4,-1
219_5,-1
220_1,-1
220_2,-1
220_3,-1
220_4,-1
220_5,-1
221_1,9
221_2,-1
221_3,-1
221_4,-1
221_5,-1
222_1,9
222_2,-1
222_3,-1
222_4,-1
222_5,-1
223_1,4
223_2,-1
223_3,-1
223_4,-1
223_5,-1
224_1,4
224_2,-1
224_3,-1
224_4,-1
224_5,-1
225_1,9
225_2,-1
225_3,-1
225_4,-1
225_5,-1
226_1,4
226_2,-1
226_3,-1
226_4,-1
226_5,-1
227_1,-1
227_2,-1
227_3,-1
227_4,-1
227_5,-1
228_1,9
228_2,-1
228_3,-1
228_4,-1
228_5,-1
229_1,9
229_2,-1
229_3,-1
229_4,-1
229_5,-1
230_1,8
230_2,-1
230_3,-1
230_4,-1
230_5,-1
231_1,4
231_2,-1
231_3,-1
231_4,-1
231_5,-1
232_1,9
232_2,-1
232_3,-1
232_4,-1
232_5,-1
233_1,9
233_2,-1
233_3,-1
233_4,-1
233_5,-1
234_1,8
234_2,-1
234_3,-1
234_4,-1
234_5,-1
235_1,-1
235_2,-1
235_3,-1
235_4,-1
235_5,-1
236_1,-1
236_2,-1
236_3,-1
236_4,-1
236_5,-1
237_1,-1
237_2,-1
237_3,-1
237_4,-1
237_5,-1
238_1,9
238_2,-1
238_3,-1
238_4,-1
238_5,-1
239_1,-1
239_2,-1
239_3,-1
239_4,-1
239_5,-1
240_1,4
240_2,-1
240_3,-1
240_4,-1
240_5,-1
241_1,9
241_2,-1
241_3,-1
241_4,-1
241_5,-1
242_1,-1
242_2,-1
242_3,-1
242_4,-1
242_5,-1
243_1,9
243_2,-1
243_3,-1
243_4,-1
243_5,-1
244_1,9
244_2,-1
244_3,-1
244_4,-1
244_5,-1
245_1,9
245_2,-1
245_3,-1
245_4,-1
245_5,-1
246_1,-1
246_2,-1
246_3,-1
246_4,-1
246_5,-1
247_1,9
247_2,-1
247_3,-1
247_4,-1
247_5,-1
248_1,-1
248_2,-1
248_3,-1
248_4,-1
248_5,-1
249_1,4
249_2,-1
249_3,-1
249_4,-1
249_5,-1
250_1,4
250_2,-1
250_3,-1
250_4,-1
250_5,-1
251_1,9
251_2,-1
251_3,-1
251_4,-1
251_5,-1
252_1,9
252_2,-1
252_3,-1
252_4,-1
252_5,-1
253_1,-1
253_2,-1
253_3,-1
253_4,-1
253_5,-1
254_1,-1
254_2,-1
254_3,-1
254_4,-1
254_5,-1
255_1,-1
255_2,-1
255_3,-1
255_4,-1
255_5,-1
256_1,-1
256_2,-1
256_3,-1
256_4,-1
256_5,-1
257_1,-1
257_2,-1
257_3,-1
257_4,-1
257_5,-1
258_1,4
258_2,-1
258_3,-1
258_4,-1
258_5,-1
259_1,9
259_2,-1
259_3,-1
259_4,-1
259_5,-1
260_1,9
260_2,-1
260_3,-1
260_4,-1
260_5,-1
261_1,8
261_2,-1
261_3,-1
261_4,-1
261_5,-1
262_1,4
262_2,-1
262_3,-1
262_4,-1
262_5,-1
263_1,4
263_2,-1
263_3,-1
263_4,-1
263_5,-1
264_1,9
264_2,-1
264_3,-1
264_4,-1
264_5,-1
265_1,9
265_2,-1
265_3,-1
265_4,-1
265_5,-1
266_1,9
266_2,-1
266_3,-1
266_4,-1
266_5,-1
267_1,4
267_2,-1
267_3,-1
267_4,-1
267_5,-1
268_1,9
268_2,-1
268_3,-1
268_4,-1
268_5,-1
269_1,4
269_2,-1
269_3,-1
269_4,-1
269_5,-1
270_1,-1
270_2,-1
270_3,-1
270_4,-1
270_5,-1
271_1,8
271_2,-1
271_3,-1
271_4,-1
271_5,-1
272_1,4 8
272_2,-1
272_3,-1
272_4,-1
272_5,-1
273_1,-1
273_2,-1
273_3,-1
273_4,-1
273_5,-1
274_1,-1
274_2,-1
274_3,-1
274_4,-1
274_5,-1
275_1,-1
275_2,-1
275_3,-1
275_4,-1
275_5,-1
276_1,9
276_2,-1
276_3,-1
276_4,-1
276_5,-1
277_1,9
277_2,-1
277_3,-1
277_4,-1
277_5,-1
278_1,-1
278_2,-1
278_3,-1
278_4,-1
278_5,-1
279_1,9
279_2,-1
279_3,-1
279_4,-1
279_5,-1
280_1,-1
280_2,-1
280_3,-1
280_4,-1
280_5,-1
281_1,8
281_2,-1
281_3,-1
281_4,-1
281_5,-1
282_1,4
282_2,-1
282_3,-1
282_4,-1
282_5,-1
283_1,-1
283_2,16
283_3,-1
283_4,-1
283_5,-1
284_1,4 8
284_2,-1
284_3,-1
284_4,-1
284_5,-1
285_1,9
285_2,-1
285_3,-1
285_4,-1
285_5,-1
286_1,-1
286_2,-1
286_3,-1
286_4,-1
286_5,-1
287_1,-1
287_2,-1
287_3,-1
287_4,-1
287_5,-1
288_1,-1
288_2,-1
288_3,-1
288_4,-1
288_5,-1
289_1,9
289_2,-1
289_3,-1
289_4,-1
289_5,-1
290_1,-1
290_2,-1
290_3,-1
290_4,-1
290_5,-1
291_1,-1
291_2,-1
291_3,-1
291_4,-1
291_5,-1
292_1,4
292_2,-1
292_3,-1
292_4,-1
292_5,-1
293_1,4
293_2,-1
293_3,-1
293_4,-1
293_5,-1
294_1,-1
294_2,-1
294_3,-1
294_4,-1
294_5,-1
295_1,-1
295_2,-1
295_3,-1
295_4,-1
295_5,-1
296_1,-1
296_2,-1
296_3,-1
296_4,-1
296_5,-1
297_1,4 8
297_2,-1
297_3,-1
297_4,-1
297_5,-1
298_1,9
298_2,-1
298_3,-1
298_4,-1
298_5,-1
299_1,4
299_2,-1
299_3,-1
299_4,-1
299_5,-1
300_1,4
300_2,-1
300_3,-1
300_4,-1
300_5,-1
301_1,-1
301_2,-1
301_3,-1
301_4,-1
301_5,-1
302_1,-1
302_2,-1
302_3,-1
302_4,-1
302_5,-1
303_1,-1
303_2,-1
303_3,-1
303_4,-1
303_5,-1
304_1,4
304_2,-1
304_3,-1
304_4,-1
304_5,-1
305_1,4
305_2,-1
305_3,-1
305_4,-1
305_5,-1
306_1,-1
306_2,-1
306_3,-1
306_4,-1
306_5,-1
307_1,9
307_2,-1
307_3,-1
307_4,-1
307_5,-1
308_1,-1
308_2,-1
308_3,-1
308_4,-1
308_5,-1
309_1,9
309_2,-1
309_3,-1
309_4,-1
309_5,-1
310_1,-1
310_2,-1
310_3,-1
310_4,-1
310_5,-1
311_1,4
311_2,-1
311_3,-1
311_4,-1
311_5,-1
312_1,4
312_2,-1
312_3,-1
312_4,-1
312_5,-1
313_1,-1
313_2,-1
313_3,-1
313_4,-1
313_5,-1
314_1,-1
314_2,-1
314_3,-1
314_4,-1
314_5,-1
315_1,9
315_2,-1
315_3,-1
315_4,-1
315_5,-1
316_1,8
316_2,-1
316_3,-1
316_4,-1
316_5,-1
317_1,-1
317_2,-1
317_3,-1
317_4,-1
317_5,-1
318_1,-1
318_2,-1
318_3,-1
318_4,-1
318_5,-1
319_1,9
319_2,-1
319_3,-1
319_4,-1
319_5,-1
320_1,9
320_2,-1
320_3,-1
320_4,-1
320_5,-1
321_1,9
321_2,-1
321_3,-1
321_4,-1
321_5,-1
322_1,9
322_2,-1
322_3,-1
322_4,-1
322_5,-1
323_1,9
323_2,-1
323_3,-1
323_4,-1
323_5,-1
324_1,9
324_2,-1
324_3,-1
324_4,-1
324_5,-1
325_1,9
325_2,-1
325_3,-1
325_4,-1
325_5,-1
326_1,-1
326_2,-1
326_3,-1
326_4,-1
326_5,-1
327_1,4
327_2,-1
327_3,-1
327_4,-1
327_5,-1
328_1,4
328_2,-1
328_3,-1
328_4,-1
328_5,-1
329_1,9
329_2,-1
329_3,-1
329_4,-1
329_5,-1
330_1,4
330_2,-1
330_3,-1
330_4,-1
330_5,-1
331_1,9
331_2,-1
331_3,-1
331_4,-1
331_5,-1
332_1,9
332_2,-1
332_3,-1
332_4,-1
332_5,-1
333_1,-1
333_2,-1
333_3,-1
333_4,-1
333_5,-1
334_1,9
334_2,-1
334_3,-1
334_4,-1
334_5,-1
335_1,-1
335_2,-1
335_3,-1
335_4,-1
335_5,-1
336_1,9
336_2,-1
336_3,-1
336_4,-1
336_5,-1
337_1,9
337_2,-1
337_3,-1
337_4,-1
337_5,-1
338_1,9
338_2,-1
338_3,-1
338_4,-1
338_5,-1
339_1,9
339_2,-1
339_3,-1
339_4,-1
339_5,-1
340_1,4
340_2,-1
340_3,-1
340_4,-1
340_5,-1
341_1,-1
341_2,-1
341_3,-1
341_4,-1
341_5,-1
342_1,4
342_2,-1
342_3,-1
342_4,-1
342_5,-1
343_1,4
343_2,-1
343_3,-1
343_4,-1
343_5,-1
344_1,4
344_2,-1
344_3,-1
344_4,-1
344_5,-1
345_1,8
345_2,-1
345_3,-1
345_4,-1
345_5,-1
346_1,9
346_2,-1
346_3,-1
346_4,-1
346_5,-1
347_1,4
347_2,-1
347_3,-1
347_4,-1
347_5,-1
348_1,-1
348_2,-1
348_3,-1
348_4,-1
348_5,-1
349_1,9
349_2,-1
349_3,-1
349_4,-1
349_5,-1
350_1,4
350_2,-1
350_3,-1
350_4,-1
350_5,-1
351_1,9
351_2,-1
351_3,-1
351_4,-1
351_5,-1
352_1,4
352_2,-1
352_3,-1
352_4,-1
352_5,-1
353_1,-1
353_2,-1
353_3,-1
353_4,-1
353_5,-1
354_1,-1
354_2,-1
354_3,-1
354_4,-1
354_5,-1
355_1,9
355_2,-1
355_3,-1
355_4,-1
355_5,-1
356_1,8
356_2,-1
356_3,-1
356_4,-1
356_5,-1
357_1,-1
357_2,-1
357_3,-1
357_4,-1
357_5,-1
358_1,9
358_2,-1
358_3,-1
358_4,-1
358_5,-1
359_1,9
359_2,-1
359_3,-1
359_4,-1
359_5,-1
360_1,9
360_2,-1
360_3,-1
360_4,-1
360_5,-1
361_1,4
361_2,-1
361_3,-1
361_4,-1
361_5,-1
362_1,4
362_2,-1
362_3,-1
362_4,-1
362_5,-1
363_1,-1
363_2,-1
363_3,-1
363_4,-1
363_5,-1
364_1,4
364_2,-1
364_3,-1
364_4,-1
364_5,-1
365_1,4
365_2,-1
365_3,-1
365_4,-1
365_5,-1
366_1,4 8
366_2,-1
366_3,-1
366_4,-1
366_5,-1
367_1,4
367_2,-1
367_3,-1
367_4,-1
367_5,-1
368_1,4
368_2,4
368_3,-1
368_4,-1
368_5,-1
369_1,4
369_2,-1
369_3,-1
369_4,-1
369_5,-1
370_1,8
370_2,-1
370_3,-1
370_4,-1
370_5,-1
371_1,4
371_2,-1
371_3,-1
371_4,-1
371_5,-1
372_1,-1
372_2,-1
372_3,-1
372_4,-1
372_5,-1
373_1,-1
373_2,-1
373_3,-1
373_4,-1
373_5,-1
374_1,4
374_2,-1
374_3,-1
374_4,-1
374_5,-1
375_1,-1
375_2,-1
375_3,-1
375_4,-1
375_5,-1
376_1,9
376_2,-1
376_3,-1
376_4,-1
376_5,-1
377_1,9
377_2,-1
377_3,-1
377_4,-1
377_5,-1
378_1,-1
378_2,-1
378_3,-1
378_4,-1
378_5,-1
379_1,4
379_2,-1
379_3,-1
379_4,-1
379_5,-1
380_1,4 8
380_2,-1
380_3,-1
380_4,-1
380_5,-1
381_1,-1
381_2,-1
381_3,-1
381_4,-1
381_5,-1
382_1,9
382_2,-1
382_3,-1
382_4,-1
382_5,-1
383_1,-1
383_2,-1
383_3,-1
383_4,-1
383_5,-1
384_1,9
384_2,-1
384_3,-1
384_4,-1
384_5,-1
385_1,4
385_2,-1
385_3,-1
385_4,-1
385_5,-1
386_1,-1
386_2,-1
386_3,-1
386_4,-1
386_5,-1
387_1,-1
387_2,-1
387_3,-1
387_4,-1
387_5,-1
388_1,4
388_2,-1
388_3,-1
388_4,-1
388_5,-1
389_1,-1
389_2,-1
389_3,-1
389_4,-1
389_5,-1
390_1,9
390_2,-1
390_3,-1
390_4,-1
390_5,-1
391_1,4
391_2,-1
391_3,-1
391_4,-1
391_5,-1
392_1,-1
392_2,-1
392_3,-1
392_4,-1
392_5,-1
393_1,-1
393_2,-1
393_3,-1
393_4,-1
393_5,-1
394_1,4 8
394_2,-1
394_3,-1
394_4,-1
394_5,-1
395_1,-1
395_2,-1
395_3,-1
395_4,-1
395_5,-1
396_1,4
396_2,-1
396_3,-1
396_4,-1
396_5,-1
397_1,-1
397_2,-1
397_3,-1
397_4,-1
397_5,-1
398_1,-1
398_2,-1
398_3,-1
398_4,-1
398_5,-1
399_1,-1
399_2,-1
399_3,-1
399_4,-1
399_5,-1
400_1,9
400_2,-1
400_3,-1
400_4,-1
400_5,-1
401_1,-1
401_2,-1
401_3,-1
401_4,-1
401_5,-1
402_1,-1
402_2,-1
402_3,-1
402_4,-1
402_5,-1
403_1,9
403_2,-1
403_3,-1
403_4,-1
403_5,-1
404_1,-1
404_2,-1
404_3,-1
404_4,-1
404_5,-1
405_1,9
405_2,-1
405_3,-1
405_4,-1
405_5,-1
406_1,9
406_2,-1
406_3,-1
406_4,-1
406_5,-1
407_1,9
407_2,-1
407_3,-1
407_4,-1
407_5,-1
408_1,4
408_2,-1
408_3,-1
408_4,-1
408_5,-1
409_1,-1
409_2,-1
409_3,-1
409_4,-1
409_5,-1
410_1,9
410_2,-1
410_3,-1
410_4,-1
410_5,-1
411_1,9
411_2,9
411_3,-1
411_4,-1
411_5,-1
412_1,4
412_2,-1
412_3,-1
412_4,-1
412_5,-1
413_1,4 8
413_2,-1
413_3,-1
413_4,-1
413_5,-1
414_1,4 8
414_2,-1
414_3,-1
414_4,-1
414_5,-1
415_1,4
415_2,-1
415_3,-1
415_4,-1
415_5,-1
416_1,-1
416_2,-1
416_3,-1
416_4,-1
416_5,-1
417_1,9
417_2,-1
417_3,-1
417_4,-1
417_5,-1
418_1,-1
418_2,-1
418_3,-1
418_4,-1
418_5,-1
419_1,-1
419_2,-1
419_3,-1
419_4,-1
419_5,-1
420_1,-1
420_2,-1
420_3,-1
420_4,-1
420_5,-1
421_1,4
421_2,-1
421_3,-1
421_4,-1
421_5,-1
422_1,9
422_2,-1
422_3,-1
422_4,-1
422_5,-1
423_1,-1
423_2,-1
423_3,-1
423_4,-1
423_5,-1
424_1,-1
424_2,-1
424_3,-1
424_4,-1
424_5,-1
425_1,9
425_2,-1
425_3,-1
425_4,-1
425_5,-1
426_1,-1
426_2,-1
426_3,-1
426_4,-1
426_5,-1
427_1,-1
427_2,-1
427_3,-1
427_4,-1
427_5,-1
428_1,-1
428_2,-1
428_3,-1
428_4,-1
428_5,-1
429_1,4
429_2,-1
429_3,-1
429_4,-1
429_5,-1
430_1,8
430_2,-1
430_3,-1
430_4,-1
430_5,-1
431_1,9
431_2,-1
431_3,-1
431_4,-1
431_5,-1
432_1,8
432_2,-1
432_3,-1
432_4,-1
432_5,-1
433_1,4
433_2,-1
433_3,-1
433_4,-1
433_5,-1
434_1,4
434_2,-1
434_3,-1
434_4,-1
434_5,-1
435_1,-1
435_2,-1
435_3,-1
435_4,-1
435_5,-1
436_1,-1
436_2,-1
436_3,-1
436_4,-1
436_5,-1
437_1,-1
437_2,-1
437_3,-1
437_4,-1
437_5,-1
438_1,8
438_2,-1
438_3,-1
438_4,-1
438_5,-1
439_1,-1
439_2,-1
439_3,-1
439_4,-1
439_5,-1
440_1,-1
440_2,-1
440_3,-1
440_4,-1
440_5,-1
441_1,4 8
441_2,-1
441_3,-1
441_4,-1
441_5,-1
442_1,-1
442_2,-1
442_3,-1
442_4,-1
442_5,-1
443_1,4 8
443_2,-1
443_3,-1
443_4,-1
443_5,-1
444_1,9
444_2,-1
444_3,-1
444_4,-1
444_5,-1
445_1,-1
445_2,-1
445_3,-1
445_4,-1
445_5,-1
446_1,-1
446_2,-1
446_3,-1
446_4,-1
446_5,-1
447_1,9
447_2,-1
447_3,-1
447_4,-1
447_5,-1
448_1,4
448_2,-1
448_3,-1
448_4,-1
448_5,-1
449_1,4
449_2,-1
449_3,-1
449_4,-1
449_5,-1
450_1,-1
450_2,-1
450_3,-1
450_4,-1
450_5,-1
451_1,-1
451_2,-1
451_3,-1
451_4,-1
451_5,-1
452_1,-1
452_2,-1
452_3,-1
452_4,-1
452_5,-1
453_1,4
453_2,-1
453_3,-1
453_4,-1
453_5,-1
454_1,4
454_2,-1
454_3,-1
454_4,-1
454_5,-1
455_1,9
455_2,-1
455_3,-1
455_4,-1
455_5,-1
456_1,4
456_2,-1
456_3,-1
456_4,-1
456_5,-1
457_1,4
457_2,-1
457_3,-1
457_4,-1
457_5,-1
458_1,9
458_2,-1
458_3,-1
458_4,-1
458_5,-1
459_1,9
459_2,-1
459_3,-1
459_4,-1
459_5,-1
460_1,9
460_2,-1
460_3,-1
460_4,-1
460_5,-1
461_1,-1
461_2,-1
461_3,-1
461_4,-1
461_5,-1
462_1,-1
462_2,-1
462_3,-1
462_4,-1
462_5,-1
463_1,8
463_2,-1
463_3,-1
463_4,-1
463_5,-1
464_1,4
464_2,-1
464_3,-1
464_4,-1
464_5,-1
465_1,4
465_2,-1
465_3,-1
465_4,-1
465_5,-1
466_1,4
466_2,-1
466_3,-1
466_4,-1
466_5,-1
467_1,9
467_2,-1
467_3,-1
467_4,-1
467_5,-1
468_1,-1
468_2,-1
468_3,-1
468_4,-1
468_5,-1
469_1,9
469_2,-1
469_3,-1
469_4,-1
469_5,-1
470_1,4
470_2,-1
470_3,-1
470_4,-1
470_5,-1
471_1,4
471_2,-1
471_3,-1
471_4,-1
471_5,-1
472_1,8
472_2,-1
472_3,-1
472_4,-1
472_5,-1
473_1,4
473_2,-1
473_3,-1
473_4,-1
473_5,-1
474_1,-1
474_2,-1
474_3,-1
474_4,-1
474_5,-1
475_1,-1
475_2,-1
475_3,-1
475_4,-1
475_5,-1
476_1,4
476_2,-1
476_3,-1
476_4,-1
476_5,-1
477_1,4
477_2,-1
477_3,-1
477_4,-1
477_5,-1
478_1,9
478_2,-1
478_3,-1
478_4,-1
478_5,-1
479_1,-1
479_2,-1
479_3,-1
479_4,-1
479_5,-1
480_1,4
480_2,-1
480_3,-1
480_4,-1
480_5,-1
481_1,9
481_2,9
481_3,-1
481_4,-1
481_5,-1
482_1,-1
482_2,-1
482_3,-1
482_4,-1
482_5,-1
483_1,9
483_2,-1
483_3,-1
483_4,-1
483_5,-1
484_1,4
484_2,-1
484_3,-1
484_4,-1
484_5,-1
485_1,-1
485_2,-1
485_3,-1
485_4,-1
485_5,-1
486_1,9
486_2,-1
486_3,-1
486_4,-1
486_5,-1
487_1,4
487_2,-1
487_3,-1
487_4,-1
487_5,-1
488_1,-1
488_2,-1
488_3,-1
488_4,-1
488_5,-1
489_1,4
489_2,-1
489_3,-1
489_4,-1
489_5,-1
490_1,-1
490_2,-1
490_3,-1
490_4,-1
490_5,-1
491_1,4 8
491_2,-1
491_3,-1
491_4,-1
491_5,-1
492_1,-1
492_2,-1
492_3,-1
492_4,-1
492_5,-1
493_1,9
493_2,9
493_3,-1
493_4,-1
493_5,-1
494_1,8
494_2,-1
494_3,-1
494_4,-1
494_5,-1
495_1,4
495_2,-1
495_3,-1
495_4,-1
495_5,-1
496_1,-1
496_2,-1
496_3,-1
496_4,-1
496_5,-1
497_1,4
497_2,-1
497_3,-1
497_4,-1
497_5,-1
498_1,4
498_2,-1
498_3,-1
498_4,-1
498_5,-1
499_1,-1
499_2,-1
499_3,-1
499_4,-1
499_5,-1
500_1,9
500_2,-1
500_3,-1
500_4,-1
500_5,-1
501_1,4
501_2,-1
501_3,-1
501_4,-1
501_5,-1
502_1,-1
502_2,-1
502_3,-1
502_4,-1
502_5,-1
503_1,9
503_2,-1
503_3,-1
503_4,-1
503_5,-1
504_1,-1
504_2,-1
504_3,-1
504_4,-1
504_5,-1
505_1,-1
505_2,-1
505_3,-1
505_4,-1
505_5,-1
506_1,4
506_2,-1
506_3,-1
506_4,-1
506_5,-1
507_1,14
507_2,-1
507_3,-1
507_4,-1
507_5,-1
508_1,-1
508_2,-1
508_3,-1
508_4,-1
508_5,-1
509_1,9
509_2,-1
509_3,-1
509_4,-1
509_5,-1
510_1,4
510_2,-1
510_3,-1
510_4,-1
510_5,-1
511_1,4
511_2,-1
511_3,-1
511_4,-1
511_5,-1
512_1,9
512_2,-1
512_3,-1
512_4,-1
512_5,-1
513_1,4
513_2,-1
513_3,-1
513_4,-1
513_5,-1
514_1,9
514_2,-1
514_3,-1
514_4,-1
514_5,-1
515_1,4 8
515_2,-1
515_3,-1
515_4,-1
515_5,-1
516_1,-1
516_2,-1
516_3,-1
516_4,-1
516_5,-1
517_1,4
517_2,-1
517_3,-1
517_4,-1
517_5,-1
518_1,9
518_2,-1
518_3,-1
518_4,-1
518_5,-1
519_1,9
519_2,-1
519_3,-1
519_4,-1
519_5,-1
520_1,-1
520_2,-1
520_3,-1
520_4,-1
520_5,-1
521_1,9
521_2,-1
521_3,-1
521_4,-1
521_5,-1
522_1,4
522_2,-1
522_3,-1
522_4,-1
522_5,-1
523_1,9
523_2,-1
523_3,-1
523_4,-1
523_5,-1
524_1,4
524_2,-1
524_3,-1
524_4,-1
524_5,-1
525_1,-1
525_2,-1
525_3,-1
525_4,-1
525_5,-1
526_1,4
526_2,-1
526_3,-1
526_4,-1
526_5,-1
527_1,8
527_2,-1
527_3,-1
527_4,-1
527_5,-1
528_1,4 8
528_2,-1
528_3,-1
528_4,-1
528_5,-1
529_1,-1
529_2,-1
529_3,-1
529_4,-1
529_5,-1
530_1,-1
530_2,-1
530_3,-1
530_4,-1
530_5,-1
531_1,9
531_2,-1
531_3,-1
531_4,-1
531_5,-1
532_1,-1
532_2,-1
532_3,-1
532_4,-1
532_5,-1
533_1,-1
533_2,-1
533_3,-1
533_4,-1
533_5,-1
534_1,9
534_2,-1
534_3,-1
534_4,-1
534_5,-1
535_1,4
535_2,-1
535_3,-1
535_4,-1
535_5,-1
536_1,4
536_2,-1
536_3,-1
536_4,-1
536_5,-1
537_1,4
537_2,-1
537_3,-1
537_4,-1
537_5,-1
538_1,-1
538_2,-1
538_3,-1
538_4,-1
538_5,-1
539_1,9
539_2,-1
539_3,-1
539_4,-1
539_5,-1
540_1,9
540_2,-1
540_3,-1
540_4,-1
540_5,-1
541_1,9
541_2,-1
541_3,-1
541_4,-1
541_5,-1
542_1,-1
542_2,-1
542_3,-1
542_4,-1
542_5,-1
543_1,-1
543_2,-1
543_3,-1
543_4,-1
543_5,-1
544_1,9
544_2,-1
544_3,-1
544_4,-1
544_5,-1
545_1,-1
545_2,-1
545_3,-1
545_4,-1
545_5,-1
546_1,9
546_2,-1
546_3,-1
546_4,-1
546_5,-1
547_1,4
547_2,-1
547_3,-1
547_4,-1
547_5,-1
548_1,4
548_2,-1
548_3,-1
548_4,-1
548_5,-1
549_1,9
549_2,-1
549_3,-1
549_4,-1
549_5,-1
550_1,-1
550_2,-1
550_3,-1
550_4,-1
550_5,-1
551_1,-1
551_2,-1
551_3,-1
551_4,-1
551_5,-1
552_1,4 8
552_2,-1
552_3,-1
552_4,-1
552_5,-1
553_1,-1
553_2,-1
553_3,-1
553_4,-1
553_5,-1
554_1,4
554_2,-1
554_3,-1
554_4,-1
554_5,-1
555_1,9
555_2,-1
555_3,-1
555_4,-1
555_5,-1
556_1,8
556_2,-1
556_3,-1
556_4,-1
556_5,-1
557_1,4
557_2,-1
557_3,-1
557_4,-1
557_5,-1
558_1,4 8
558_2,-1
558_3,-1
558_4,-1
558_5,-1
559_1,-1
559_2,-1
559_3,-1
559_4,-1
559_5,-1
560_1,-1
560_2,-1
560_3,-1
560_4,-1
560_5,-1
561_1,-1
561_2,-1
561_3,-1
561_4,-1
561_5,-1
562_1,4
562_2,-1
562_3,-1
562_4,-1
562_5,-1
563_1,4
563_2,-1
563_3,-1
563_4,-1
563_5,-1
564_1,-1
564_2,-1
564_3,-1
564_4,-1
564_5,-1
565_1,-1
565_2,-1
565_3,-1
565_4,-1
565_5,-1
566_1,9
566_2,-1
566_3,-1
566_4,-1
566_5,-1
567_1,9
567_2,-1
567_3,-1
567_4,-1
567_5,-1
568_1,9
568_2,-1
568_3,-1
568_4,-1
568_5,-1
569_1,9
569_2,-1
569_3,-1
569_4,-1
569_5,-1
570_1,4
570_2,-1
570_3,-1
570_4,-1
570_5,-1
571_1,9
571_2,-1
571_3,-1
571_4,-1
571_5,-1
572_1,4 8
572_2,-1
572_3,-1
572_4,-1
572_5,-1
573_1,4
573_2,-1
573_3,-1
573_4,-1
573_5,-1
574_1,9
574_2,-1
574_3,-1
574_4,-1
574_5,-1
575_1,9
575_2,-1
575_3,-1
575_4,-1
575_5,-1
576_1,9
576_2,-1
576_3,-1
576_4,-1
576_5,-1
577_1,-1
577_2,-1
577_3,-1
577_4,-1
577_5,-1
578_1,4
578_2,-1
578_3,-1
578_4,-1
578_5,-1
579_1,4
579_2,-1
579_3,-1
579_4,-1
579_5,-1
580_1,8
580_2,-1
580_3,-1
580_4,-1
580_5,-1
581_1,-1
581_2,-1
581_3,-1
581_4,-1
581_5,-1
582_1,9
582_2,-1
582_3,-1
582_4,-1
582_5,-1
583_1,4
583_2,-1
583_3,-1
583_4,-1
583_5,-1
584_1,4
584_2,-1
584_3,-1
584_4,-1
584_5,-1
585_1,-1
585_2,-1
585_3,-1
585_4,-1
585_5,-1
586_1,4
586_2,-1
586_3,-1
586_4,-1
586_5,-1
587_1,4
587_2,-1
587_3,-1
587_4,-1
587_5,-1
588_1,-1
588_2,-1
588_3,-1
588_4,-1
588_5,-1
589_1,9
589_2,-1
589_3,-1
589_4,-1
589_5,-1
590_1,-1
590_2,-1
590_3,-1
590_4,-1
590_5,-1
591_1,9
591_2,9
591_3,-1
591_4,-1
591_5,-1
592_1,9
592_2,-1
592_3,-1
592_4,-1
592_5,-1
593_1,-1
593_2,-1
593_3,-1
593_4,-1
593_5,-1
594_1,9
594_2,-1
594_3,-1
594_4,-1
594_5,-1
595_1,4
595_2,-1
595_3,-1
595_4,-1
595_5,-1
596_1,9
596_2,-1
596_3,-1
596_4,-1
596_5,-1
597_1,-1
597_2,-1
597_3,-1
597_4,-1
597_5,-1
598_1,4 8
598_2,-1
598_3,-1
598_4,-1
598_5,-1
599_1,8
599_2,-1
599_3,-1
599_4,-1
599_5,-1
600_1,4 8
600_2,-1
600_3,-1
600_4,-1
600_5,-1
601_1,-1
601_2,-1
601_3,-1
601_4,-1
601_5,-1
602_1,8
602_2,-1
602_3,-1
602_4,-1
602_5,-1
603_1,9
603_2,-1
603_3,-1
603_4,-1
603_5,-1
604_1,-1
604_2,-1
604_3,-1
604_4,-1
604_5,-1
605_1,-1
605_2,-1
605_3,-1
605_4,-1
605_5,-1
606_1,-1
606_2,-1
606_3,-1
606_4,-1
606_5,-1
607_1,-1
607_2,-1
607_3,-1
607_4,-1
607_5,-1
608_1,9
608_2,-1
608_3,-1
608_4,-1
608_5,-1
609_1,-1
609_2,-1
609_3,-1
609_4,-1
609_5,-1
610_1,9
610_2,-1
610_3,-1
610_4,-1
610_5,-1
611_1,4
611_2,-1
611_3,-1
611_4,-1
611_5,-1
612_1,-1
612_2,-1
612_3,-1
612_4,-1
612_5,-1
613_1,9
613_2,-1
613_3,-1
613_4,-1
613_5,-1
614_1,4 8
614_2,-1
614_3,-1
614_4,-1
614_5,-1
615_1,-1
615_2,-1
615_3,-1
615_4,-1
615_5,-1
616_1,8
616_2,-1
616_3,-1
616_4,-1
616_5,-1
617_1,4
617_2,-1
617_3,-1
617_4,-1
617_5,-1
618_1,9
618_2,-1
618_3,-1
618_4,-1
618_5,-1
619_1,4
619_2,-1
619_3,-1
619_4,-1
619_5,-1
620_1,9
620_2,-1
620_3,-1
620_4,-1
620_5,-1
621_1,4 8
621_2,-1
621_3,-1
621_4,-1
621_5,-1
622_1,-1
622_2,-1
622_3,-1
622_4,-1
622_5,-1
623_1,-1
623_2,-1
623_3,-1
623_4,-1
623_5,-1
624_1,4
624_2,-1
624_3,-1
624_4,-1
624_5,-1
625_1,4
625_2,-1
625_3,-1
625_4,-1
625_5,-1
626_1,4
626_2,-1
626_3,-1
626_4,-1
626_5,-1
627_1,4 8
627_2,-1
627_3,-1
627_4,-1
627_5,-1
628_1,4
628_2,-1
628_3,-1
628_4,-1
628_5,-1
629_1,4
629_2,-1
629_3,-1
629_4,-1
629_5,-1
630_1,-1
630_2,-1
630_3,-1
630_4,-1
630_5,-1
631_1,-1
631_2,-1
631_3,-1
631_4,-1
631_5,-1
632_1,4
632_2,-1
632_3,-1
632_4,-1
632_5,-1
633_1,9
633_2,-1
633_3,-1
633_4,-1
633_5,-1
634_1,4 8
634_2,-1
634_3,-1
634_4,-1
634_5,-1
635_1,4
635_2,-1
635_3,-1
635_4,-1
635_5,-1
636_1,9
636_2,-1
636_3,-1
636_4,-1
636_5,-1
637_1,9
637_2,-1
637_3,-1
637_4,-1
637_5,-1
638_1,9
638_2,-1
638_3,-1
638_4,-1
638_5,-1
639_1,-1
639_2,-1
639_3,-1
639_4,-1
639_5,-1
640_1,9
640_2,-1
640_3,-1
640_4,-1
640_5,-1
641_1,4
641_2,-1
641_3,-1
641_4,-1
641_5,-1
642_1,-1
642_2,-1
642_3,-1
642_4,-1
642_5,-1
643_1,9
643_2,-1
643_3,-1
643_4,-1
643_5,-1
644_1,4
644_2,-1
644_3,-1
644_4,-1
644_5,-1
645_1,9
645_2,-1
645_3,-1
645_4,-1
645_5,-1
646_1,-1
646_2,-1
646_3,-1
646_4,-1
646_5,-1
647_1,-1
647_2,-1
647_3,-1
647_4,-1
647_5,-1
648_1,-1
648_2,-1
648_3,-1
648_4,-1
648_5,-1
649_1,9
649_2,-1
649_3,-1
649_4,-1
649_5,-1
650_1,9
650_2,-1
650_3,-1
650_4,-1
650_5,-1
651_1,9
651_2,-1
651_3,-1
651_4,-1
651_5,-1
652_1,9
652_2,-1
652_3,-1
652_4,-1
652_5,-1
653_1,9
653_2,-1
653_3,-1
653_4,-1
653_5,-1
654_1,9
654_2,-1
654_3,-1
654_4,-1
654_5,-1
655_1,-1
655_2,-1
655_3,-1
655_4,-1
655_5,-1
656_1,4
656_2,-1
656_3,-1
656_4,-1
656_5,-1
657_1,-1
657_2,-1
657_3,-1
657_4,-1
657_5,-1
658_1,9
658_2,-1
658_3,-1
658_4,-1
658_5,-1
659_1,4
659_2,-1
659_3,-1
659_4,-1
659_5,-1
660_1,-1
660_2,-1
660_3,-1
660_4,-1
660_5,-1
661_1,-1
661_2,-1
661_3,-1
661_4,-1
661_5,-1
662_1,-1
662_2,-1
662_3,-1
662_4,-1
662_5,-1
663_1,-1
663_2,-1
663_3,-1
663_4,-1
663_5,-1
664_1,4
664_2,-1
664_3,-1
664_4,-1
664_5,-1
665_1,4
665_2,-1
665_3,-1
665_4,-1
665_5,-1
666_1,4
666_2,-1
666_3,-1
666_4,-1
666_5,-1
667_1,9
667_2,-1
667_3,-1
667_4,-1
667_5,-1
668_1,-1
668_2,-1
668_3,-1
668_4,-1
668_5,-1
669_1,9
669_2,-1
669_3,-1
669_4,-1
669_5,-1
670_1,-1
670_2,-1
670_3,-1
670_4,-1
670_5,-1
671_1,9
671_2,-1
671_3,-1
671_4,-1
671_5,-1
672_1,-1
672_2,-1
672_3,-1
672_4,-1
672_5,-1
673_1,4
673_2,-1
673_3,-1
673_4,-1
673_5,-1
674_1,-1
674_2,-1
674_3,-1
674_4,-1
674_5,-1
675_1,4
675_2,-1
675_3,-1
675_4,-1
675_5,-1
676_1,-1
676_2,-1
676_3,-1
676_4,-1
676_5,-1
677_1,-1
677_2,-1
677_3,-1
677_4,-1
677_5,-1
678_1,4
678_2,-1
678_3,-1
678_4,-1
678_5,-1
679_1,-1
679_2,-1
679_3,-1
679_4,-1
679_5,-1
680_1,-1
680_2,-1
680_3,-1
680_4,-1
680_5,-1
681_1,4
681_2,-1
681_3,-1
681_4,-1
681_5,-1
682_1,-1
682_2,-1
682_3,-1
682_4,-1
682_5,-1
683_1,9
683_2,-1
683_3,-1
683_4,-1
683_5,-1
684_1,-1
684_2,-1
684_3,-1
684_4,-1
684_5,-1
685_1,4
685_2,-1
685_3,-1
685_4,-1
685_5,-1
686_1,4
686_2,-1
686_3,-1
686_4,-1
686_5,-1
687_1,-1
687_2,-1
687_3,-1
687_4,-1
687_5,-1
688_1,4
688_2,-1
688_3,-1
688_4,-1
688_5,-1
689_1,-1
689_2,-1
689_3,-1
689_4,-1
689_5,-1
690_1,4
690_2,-1
690_3,-1
690_4,-1
690_5,-1
691_1,9
691_2,-1
691_3,-1
691_4,-1
691_5,-1
692_1,-1
692_2,-1
692_3,-1
692_4,-1
692_5,-1
693_1,9
693_2,-1
693_3,-1
693_4,-1
693_5,-1
694_1,-1
694_2,-1
694_3,-1
694_4,-1
694_5,-1
695_1,9
695_2,-1
695_3,-1
695_4,-1
695_5,-1
696_1,4
696_2,-1
696_3,-1
696_4,-1
696_5,-1
697_1,4 8
697_2,-1
697_3,-1
697_4,-1
697_5,-1
698_1,-1
698_2,-1
698_3,-1
698_4,-1
698_5,-1
699_1,9
699_2,-1
699_3,-1
699_4,-1
699_5,-1
700_1,4
700_2,-1
700_3,-1
700_4,-1
700_5,-1
701_1,-1
701_2,-1
701_3,-1
701_4,-1
701_5,-1
702_1,4
702_2,-1
702_3,-1
702_4,-1
702_5,-1
703_1,-1
703_2,-1
703_3,-1
703_4,-1
703_5,-1
704_1,9
704_2,-1
704_3,-1
704_4,-1
704_5,-1
705_1,9
705_2,-1
705_3,-1
705_4,-1
705_5,-1
706_1,-1
706_2,-1
706_3,-1
706_4,-1
706_5,-1
707_1,-1
707_2,-1
707_3,-1
707_4,-1
707_5,-1
708_1,4
708_2,-1
708_3,-1
708_4,-1
708_5,-1
709_1,-1
709_2,-1
709_3,-1
709_4,-1
709_5,-1
710_1,9
710_2,-1
710_3,-1
710_4,-1
710_5,-1
711_1,-1
711_2,-1
711_3,-1
711_4,-1
711_5,-1
712_1,-1
712_2,-1
712_3,-1
712_4,-1
712_5,-1
713_1,-1
713_2,-1
713_3,-1
713_4,-1
713_5,-1
714_1,4
714_2,-1
714_3,-1
714_4,-1
714_5,-1
715_1,-1
715_2,-1
715_3,-1
715_4,-1
715_5,-1
716_1,9
716_2,-1
716_3,-1
716_4,-1
716_5,-1
717_1,9
717_2,-1
717_3,-1
717_4,-1
717_5,-1
718_1,4
718_2,-1
718_3,-1
718_4,-1
718_5,-1
719_1,8
719_2,-1
719_3,-1
719_4,-1
719_5,-1
720_1,-1
720_2,-1
720_3,-1
720_4,-1
720_5,-1
721_1,4
721_2,-1
721_3,-1
721_4,-1
721_5,-1
722_1,4
722_2,-1
722_3,-1
722_4,-1
722_5,-1
723_1,-1
723_2,-1
723_3,-1
723_4,-1
723_5,-1
724_1,8
724_2,-1
724_3,-1
724_4,-1
724_5,-1
725_1,4 8
725_2,-1
725_3,-1
725_4,-1
725_5,-1
726_1,-1
726_2,-1
726_3,-1
726_4,-1
726_5,-1
727_1,9
727_2,-1
727_3,-1
727_4,-1
727_5,-1
728_1,-1
728_2,-1
728_3,-1
728_4,-1
728_5,-1
729_1,-1
729_2,-1
729_3,-1
729_4,-1
729_5,-1
730_1,4
730_2,-1
730_3,-1
730_4,-1
730_5,-1
731_1,-1
731_2,-1
731_3,-1
731_4,-1
731_5,-1
732_1,4
732_2,-1
732_3,-1
732_4,-1
732_5,-1
733_1,-1
733_2,-1
733_3,-1
733_4,-1
733_5,-1
734_1,4
734_2,-1
734_3,-1
734_4,-1
734_5,-1
735_1,9
735_2,-1
735_3,-1
735_4,-1
735_5,-1
736_1,4
736_2,-1
736_3,-1
736_4,-1
736_5,-1
737_1,9
737_2,-1
737_3,-1
737_4,-1
737_5,-1
738_1,-1
738_2,-1
738_3,-1
738_4,-1
738_5,-1
739_1,4
739_2,-1
739_3,-1
739_4,-1
739_5,-1
740_1,4
740_2,-1
740_3,-1
740_4,-1
740_5,-1
741_1,4
741_2,-1
741_3,-1
741_4,-1
741_5,-1
742_1,9
742_2,-1
742_3,-1
742_4,-1
742_5,-1
743_1,9
743_2,-1
743_3,-1
743_4,-1
743_5,-1
744_1,4
744_2,-1
744_3,-1
744_4,-1
744_5,-1
745_1,-1
745_2,-1
745_3,-1
745_4,-1
745_5,-1
746_1,-1
746_2,-1
746_3,-1
746_4,-1
746_5,-1
747_1,-1
747_2,-1
747_3,-1
747_4,-1
747_5,-1
748_1,9
748_2,-1
748_3,-1
748_4,-1
748_5,-1
749_1,4
749_2,-1
749_3,-1
749_4,-1
749_5,-1
750_1,4
750_2,-1
750_3,-1
750_4,-1
750_5,-1
751_1,4 8
751_2,-1
751_3,-1
751_4,-1
751_5,-1
752_1,-1
752_2,-1
752_3,-1
752_4,-1
752_5,-1
753_1,4
753_2,-1
753_3,-1
753_4,-1
753_5,-1
754_1,9
754_2,-1
754_3,-1
754_4,-1
754_5,-1
755_1,9
755_2,-1
755_3,-1
755_4,-1
755_5,-1
756_1,-1
756_2,-1
756_3,-1
756_4,-1
756_5,-1
757_1,4
757_2,-1
757_3,-1
757_4,-1
757_5,-1
758_1,-1
758_2,-1
758_3,-1
758_4,-1
758_5,-1
759_1,-1
759_2,-1
759_3,-1
759_4,-1
759_5,-1
760_1,9
760_2,-1
760_3,-1
760_4,-1
760_5,-1
761_1,-1
761_2,-1
761_3,-1
761_4,-1
761_5,-1
762_1,-1
762_2,-1
762_3,-1
762_4,-1
762_5,-1
763_1,-1
763_2,-1
763_3,-1
763_4,-1
763_5,-1
764_1,-1
764_2,-1
764_3,-1
764_4,-1
764_5,-1
765_1,4
765_2,-1
765_3,-1
765_4,-1
765_5,-1
766_1,4
766_2,-1
766_3,-1
766_4,-1
766_5,-1
767_1,4
767_2,-1
767_3,-1
767_4,-1
767_5,-1
768_1,9
768_2,-1
768_3,-1
768_4,-1
768_5,-1
769_1,8
769_2,-1
769_3,-1
769_4,-1
769_5,-1
770_1,-1
770_2,-1
770_3,-1
770_4,-1
770_5,-1
771_1,-1
771_2,-1
771_3,-1
771_4,-1
771_5,-1
772_1,4
772_2,-1
772_3,-1
772_4,-1
772_5,-1
773_1,8
773_2,-1
773_3,-1
773_4,-1
773_5,-1
774_1,4
774_2,-1
774_3,-1
774_4,-1
774_5,-1
775_1,4
775_2,-1
775_3,-1
775_4,-1
775_5,-1
776_1,-1
776_2,-1
776_3,-1
776_4,-1
776_5,-1
777_1,9
777_2,-1
777_3,-1
777_4,-1
777_5,-1
778_1,4
778_2,-1
778_3,-1
778_4,-1
778_5,-1
779_1,-1
779_2,-1
779_3,-1
779_4,-1
779_5,-1
780_1,4
780_2,-1
780_3,-1
780_4,-1
780_5,-1
781_1,9
781_2,-1
781_3,-1
781_4,-1
781_5,-1
782_1,9
782_2,-1
782_3,-1
782_4,-1
782_5,-1
783_1,-1
783_2,-1
783_3,-1
783_4,-1
783_5,-1
784_1,-1
784_2,-1
784_3,-1
784_4,-1
784_5,-1
785_1,-1
785_2,-1
785_3,-1
785_4,-1
785_5,-1
786_1,-1
786_2,-1
786_3,-1
786_4,-1
786_5,-1
787_1,4
787_2,-1
787_3,-1
787_4,-1
787_5,-1
788_1,4
788_2,-1
788_3,-1
788_4,-1
788_5,-1
789_1,-1
789_2,-1
789_3,-1
789_4,-1
789_5,-1
790_1,4
790_2,-1
790_3,-1
790_4,-1
790_5,-1
791_1,-1
791_2,-1
791_3,-1
791_4,-1
791_5,-1
792_1,4
792_2,-1
792_3,-1
792_4,-1
792_5,-1
793_1,8
793_2,-1
793_3,-1
793_4,-1
793_5,-1
794_1,-1
794_2,-1
794_3,-1
794_4,-1
794_5,-1
795_1,9
795_2,-1
795_3,-1
795_4,-1
795_5,-1
796_1,9
796_2,-1
796_3,-1
796_4,-1
796_5,-1
797_1,8
797_2,-1
797_3,-1
797_4,-1
797_5,-1
798_1,9
798_2,-1
798_3,-1
798_4,-1
798_5,-1
799_1,9
799_2,-1
799_3,-1
799_4,-1
799_5,-1
800_1,-1
800_2,-1
800_3,-1
800_4,-1
800_5,-1
801_1,9
801_2,-1
801_3,-1
801_4,-1
801_5,-1
802_1,-1
802_2,-1
802_3,-1
802_4,-1
802_5,-1
803_1,-1
803_2,-1
803_3,-1
803_4,-1
803_5,-1
804_1,8
804_2,-1
804_3,-1
804_4,-1
804_5,-1
805_1,4
805_2,-1
805_3,-1
805_4,-1
805_5,-1
806_1,-1
806_2,-1
806_3,-1
806_4,-1
806_5,-1
807_1,-1
807_2,-1
807_3,-1
807_4,-1
807_5,-1
808_1,-1
808_2,-1
808_3,-1
808_4,-1
808_5,-1
809_1,9
809_2,-1
809_3,-1
809_4,-1
809_5,-1
810_1,9
810_2,-1
810_3,-1
810_4,-1
810_5,-1
811_1,4 8
811_2,-1
811_3,-1
811_4,-1
811_5,-1
812_1,-1
812_2,-1
812_3,-1
812_4,-1
812_5,-1
813_1,-1
813_2,-1
813_3,-1
813_4,-1
813_5,-1
814_1,-1
814_2,-1
814_3,-1
814_4,-1
814_5,-1
815_1,-1
815_2,-1
815_3,-1
815_4,-1
815_5,-1
816_1,9
816_2,-1
816_3,-1
816_4,-1
816_5,-1
817_1,-1
817_2,-1
817_3,-1
817_4,-1
817_5,-1
818_1,4
818_2,-1
818_3,-1
818_4,-1
818_5,-1
819_1,9
819_2,-1
819_3,-1
819_4,-1
819_5,-1
820_1,8
820_2,-1
820_3,-1
820_4,-1
820_5,-1
821_1,-1
821_2,-1
821_3,-1
821_4,-1
821_5,-1
822_1,-1
822_2,-1
822_3,-1
822_4,-1
822_5,-1
823_1,-1
823_2,-1
823_3,-1
823_4,-1
823_5,-1
824_1,-1
824_2,-1
824_3,-1
824_4,-1
824_5,-1
825_1,-1
825_2,-1
825_3,-1
825_4,-1
825_5,-1
826_1,4
826_2,-1
826_3,-1
826_4,-1
826_5,-1
827_1,8
827_2,-1
827_3,-1
827_4,-1
827_5,-1
828_1,9
828_2,-1
828_3,-1
828_4,-1
828_5,-1
829_1,4
829_2,-1
829_3,-1
829_4,-1
829_5,-1
830_1,4
830_2,-1
830_3,-1
830_4,-1
830_5,-1
831_1,4
831_2,-1
831_3,-1
831_4,-1
831_5,-1
832_1,9
832_2,-1
832_3,-1
832_4,-1
832_5,-1
833_1,8
833_2,-1
833_3,-1
833_4,-1
833_5,-1
834_1,4
834_2,-1
834_3,-1
834_4,-1
834_5,-1
835_1,4
835_2,-1
835_3,-1
835_4,-1
835_5,-1
836_1,4
836_2,-1
836_3,-1
836_4,-1
836_5,-1
837_1,4
837_2,-1
837_3,-1
837_4,-1
837_5,-1
838_1,-1
838_2,-1
838_3,-1
838_4,-1
838_5,-1
839_1,-1
839_2,-1
839_3,-1
839_4,-1
839_5,-1
840_1,4 8
840_2,-1
840_3,-1
840_4,-1
840_5,-1
841_1,-1
841_2,-1
841_3,-1
841_4,-1
841_5,-1
842_1,9
842_2,-1
842_3,-1
842_4,-1
842_5,-1
843_1,4
843_2,-1
843_3,-1
843_4,-1
843_5,-1
844_1,4
844_2,-1
844_3,-1
844_4,-1
844_5,-1
845_1,4
845_2,-1
845_3,-1
845_4,-1
845_5,-1
846_1,4
846_2,-1
846_3,-1
846_4,-1
846_5,-1
847_1,9
847_2,-1
847_3,-1
847_4,-1
847_5,-1
848_1,-1
848_2,-1
848_3,-1
848_4,-1
848_5,-1
849_1,9
849_2,-1
849_3,-1
849_4,-1
849_5,-1
850_1,-1
850_2,-1
850_3,-1
850_4,-1
850_5,-1
851_1,4
851_2,-1
851_3,-1
851_4,-1
851_5,-1
852_1,9
852_2,-1
852_3,-1
852_4,-1
852_5,-1
853_1,9
853_2,-1
853_3,-1
853_4,-1
853_5,-1
854_1,9
854_2,-1
854_3,-1
854_4,-1
854_5,-1
855_1,8
855_2,-1
855_3,-1
855_4,-1
855_5,-1
856_1,4 8
856_2,-1
856_3,-1
856_4,-1
856_5,-1
857_1,4
857_2,-1
857_3,-1
857_4,-1
857_5,-1
858_1,8
858_2,-1
858_3,-1
858_4,-1
858_5,-1
859_1,4
859_2,-1
859_3,-1
859_4,-1
859_5,-1
860_1,-1
860_2,-1
860_3,-1
860_4,-1
860_5,-1
861_1,4 8
861_2,-1
861_3,-1
861_4,-1
861_5,-1
862_1,-1
862_2,-1
862_3,-1
862_4,-1
862_5,-1
863_1,-1
863_2,-1
863_3,-1
863_4,-1
863_5,-1
864_1,4 8
864_2,-1
864_3,-1
864_4,-1
864_5,-1
865_1,-1
865_2,-1
865_3,-1
865_4,-1
865_5,-1
866_1,4
866_2,-1
866_3,-1
866_4,-1
866_5,-1
867_1,4
867_2,-1
867_3,-1
867_4,-1
867_5,-1
868_1,8
868_2,-1
868_3,-1
868_4,-1
868_5,-1
869_1,-1
869_2,-1
869_3,-1
869_4,-1
869_5,-1
870_1,9
870_2,-1
870_3,-1
870_4,-1
870_5,-1
871_1,9
871_2,-1
871_3,-1
871_4,-1
871_5,-1
872_1,-1
872_2,-1
872_3,-1
872_4,-1
872_5,-1
873_1,4
873_2,-1
873_3,-1
873_4,-1
873_5,-1
874_1,4
874_2,-1
874_3,-1
874_4,-1
874_5,-1
875_1,-1
875_2,-1
875_3,-1
875_4,-1
875_5,-1
876_1,9
876_2,-1
876_3,-1
876_4,-1
876_5,-1
877_1,9
877_2,-1
877_3,-1
877_4,-1
877_5,-1
878_1,9
878_2,-1
878_3,-1
878_4,-1
878_5,-1
879_1,9
879_2,-1
879_3,-1
879_4,-1
879_5,-1
880_1,-1
880_2,-1
880_3,-1
880_4,-1
880_5,-1
881_1,9
881_2,-1
881_3,-1
881_4,-1
881_5,-1
882_1,4
882_2,-1
882_3,-1
882_4,-1
882_5,-1
883_1,4
883_2,-1
883_3,-1
883_4,-1
883_5,-1
884_1,9
884_2,-1
884_3,-1
884_4,-1
884_5,-1
885_1,4
885_2,-1
885_3,-1
885_4,-1
885_5,-1
886_1,-1
886_2,-1
886_3,-1
886_4,-1
886_5,-1
887_1,-1
887_2,-1
887_3,-1
887_4,-1
887_5,-1
888_1,4 8
888_2,-1
888_3,-1
888_4,-1
888_5,-1
889_1,4
889_2,-1
889_3,-1
889_4,-1
889_5,-1
890_1,4
890_2,-1
890_3,-1
890_4,-1
890_5,-1
891_1,4
891_2,-1
891_3,-1
891_4,-1
891_5,-1
892_1,4
892_2,-1
892_3,-1
892_4,-1
892_5,-1
893_1,4
893_2,-1
893_3,-1
893_4,-1
893_5,-1
894_1,-1
894_2,-1
894_3,-1
894_4,-1
894_5,-1
895_1,9
895_2,-1
895_3,-1
895_4,-1
895_5,-1
896_1,8
896_2,-1
896_3,-1
896_4,-1
896_5,-1
897_1,4
897_2,-1
897_3,-1
897_4,-1
897_5,-1
898_1,-1
898_2,-1
898_3,-1
898_4,-1
898_5,-1
899_1,-1
899_2,-1
899_3,-1
899_4,-1
899_5,-1
900_1,-1
900_2,-1
900_3,-1
900_4,-1
900_5,-1
901_1,4
901_2,-1
901_3,-1
901_4,-1
901_5,-1
902_1,-1
902_2,-1
902_3,-1
902_4,-1
902_5,-1
903_1,-1
903_2,-1
903_3,-1
903_4,-1
903_5,-1
904_1,-1
904_2,-1
904_3,-1
904_4,-1
904_5,-1
905_1,9
905_2,-1
905_3,-1
905_4,-1
905_5,-1
906_1,-1
906_2,-1
906_3,-1
906_4,-1
906_5,-1
907_1,4
907_2,-1
907_3,-1
907_4,-1
907_5,-1
908_1,4
908_2,-1
908_3,-1
908_4,-1
908_5,-1
909_1,9
909_2,-1
909_3,-1
909_4,-1
909_5,-1
910_1,-1
910_2,-1
910_3,-1
910_4,-1
910_5,-1
911_1,4 8
911_2,-1
911_3,-1
911_4,-1
911_5,-1
912_1,9
912_2,-1
912_3,-1
912_4,-1
912_5,-1
913_1,4 8
913_2,-1
913_3,-1
913_4,-1
913_5,-1
914_1,4 8
914_2,-1
914_3,-1
914_4,-1
914_5,-1
915_1,-1
915_2,-1
915_3,-1
915_4,-1
915_5,-1
916_1,-1
916_2,-1
916_3,-1
916_4,-1
916_5,-1
917_1,-1
917_2,-1
917_3,-1
917_4,-1
917_5,-1
918_1,4
918_2,-1
918_3,-1
918_4,-1
918_5,-1
919_1,4
919_2,-1
919_3,-1
919_4,-1
919_5,-1
920_1,-1
920_2,-1
920_3,-1
920_4,-1
920_5,-1
921_1,4 8
921_2,-1
921_3,-1
921_4,-1
921_5,-1
922_1,9
922_2,-1
922_3,-1
922_4,-1
922_5,-1
923_1,9
923_2,-1
923_3,-1
923_4,-1
923_5,-1
924_1,9
924_2,-1
924_3,-1
924_4,-1
924_5,-1
925_1,-1
925_2,-1
925_3,-1
925_4,-1
925_5,-1
926_1,4
926_2,-1
926_3,-1
926_4,-1
926_5,-1
927_1,-1
927_2,-1
927_3,-1
927_4,-1
927_5,-1
928_1,-1
928_2,-1
928_3,-1
928_4,-1
928_5,-1
929_1,9
929_2,-1
929_3,-1
929_4,-1
929_5,-1
930_1,9
930_2,-1
930_3,-1
930_4,-1
930_5,-1
931_1,9
931_2,-1
931_3,-1
931_4,-1
931_5,-1
932_1,4 8
932_2,-1
932_3,-1
932_4,-1
932_5,-1
933_1,8
933_2,-1
933_3,-1
933_4,-1
933_5,-1
934_1,14
934_2,-1
934_3,-1
934_4,-1
934_5,-1
935_1,9
935_2,-1
935_3,-1
935_4,-1
935_5,-1
936_1,9
936_2,-1
936_3,-1
936_4,-1
936_5,-1
937_1,9
937_2,-1
937_3,-1
937_4,-1
937_5,-1
938_1,-1
938_2,-1
938_3,-1
938_4,-1
938_5,-1
939_1,9
939_2,-1
939_3,-1
939_4,-1
939_5,-1
940_1,4
940_2,-1
940_3,-1
940_4,-1
940_5,-1
941_1,4 8
941_2,-1
941_3,-1
941_4,-1
941_5,-1
942_1,4
942_2,-1
942_3,-1
942_4,-1
942_5,-1
943_1,-1
943_2,-1
943_3,-1
943_4,-1
943_5,-1
944_1,-1
944_2,-1
944_3,-1
944_4,-1
944_5,-1
945_1,4
945_2,-1
945_3,-1
945_4,-1
945_5,-1
946_1,4
946_2,-1
946_3,-1
946_4,-1
946_5,-1
947_1,4 8
947_2,-1
947_3,-1
947_4,-1
947_5,-1
948_1,4
948_2,-1
948_3,-1
948_4,-1
948_5,-1
949_1,-1
949_2,-1
949_3,-1
949_4,-1
949_5,-1
950_1,4
950_2,-1
950_3,-1
950_4,-1
950_5,-1
951_1,4 8
951_2,-1
951_3,-1
951_4,-1
951_5,-1
952_1,4
952_2,-1
952_3,-1
952_4,-1
952_5,-1
953_1,4
953_2,-1
953_3,-1
953_4,-1
953_5,-1
954_1,4
954_2,-1
954_3,-1
954_4,-1
954_5,-1
955_1,4
955_2,-1
955_3,-1
955_4,-1
955_5,-1
956_1,9
956_2,-1
956_3,-1
956_4,-1
956_5,-1
957_1,4
957_2,-1
957_3,-1
957_4,-1
957_5,-1
958_1,9
958_2,-1
958_3,-1
958_4,-1
958_5,-1
959_1,4
959_2,-1
959_3,-1
959_4,-1
959_5,-1
960_1,4 8
960_2,-1
960_3,-1
960_4,-1
960_5,-1
961_1,8
961_2,-1
961_3,-1
961_4,-1
961_5,-1
962_1,4
962_2,-1
962_3,-1
962_4,-1
962_5,-1
963_1,4 8
963_2,-1
963_3,-1
963_4,-1
963_5,-1
964_1,-1
964_2,-1
964_3,-1
964_4,-1
964_5,-1
965_1,4
965_2,-1
965_3,-1
965_4,-1
965_5,-1
966_1,9
966_2,-1
966_3,-1
966_4,-1
966_5,-1
967_1,9
967_2,-1
967_3,-1
967_4,-1
967_5,-1
968_1,-1
968_2,-1
968_3,-1
968_4,-1
968_5,-1
969_1,4
969_2,-1
969_3,-1
969_4,-1
969_5,-1
970_1,4
970_2,-1
970_3,-1
970_4,-1
970_5,-1
971_1,-1
971_2,-1
971_3,-1
971_4,-1
971_5,-1
972_1,4
972_2,-1
972_3,-1
972_4,-1
972_5,-1
973_1,-1
973_2,-1
973_3,-1
973_4,-1
973_5,-1
974_1,4
974_2,-1
974_3,-1
974_4,-1
974_5,-1
975_1,9
975_2,-1
975_3,-1
975_4,-1
975_5,-1
976_1,9
976_2,-1
976_3,-1
976_4,-1
976_5,-1
977_1,8
977_2,-1
977_3,-1
977_4,-1
977_5,-1
978_1,9
978_2,-1
978_3,-1
978_4,-1
978_5,-1
979_1,-1
979_2,-1
979_3,-1
979_4,-1
979_5,-1
980_1,4 8
980_2,-1
980_3,-1
980_4,-1
980_5,-1
981_1,4
981_2,-1
981_3,-1
981_4,-1
981_5,-1
982_1,14
982_2,-1
982_3,-1
982_4,-1
982_5,-1
983_1,4 8
983_2,-1
983_3,-1
983_4,-1
983_5,-1
984_1,-1
984_2,-1
984_3,-1
984_4,-1
984_5,-1
985_1,9
985_2,-1
985_3,-1
985_4,-1
985_5,-1
986_1,4
986_2,-1
986_3,-1
986_4,-1
986_5,-1
987_1,-1
987_2,-1
987_3,-1
987_4,-1
987_5,-1
988_1,4
988_2,-1
988_3,-1
988_4,-1
988_5,-1
989_1,4
989_2,-1
989_3,-1
989_4,-1
989_5,-1
990_1,-1
990_2,-1
990_3,-1
990_4,-1
990_5,-1
991_1,-1
991_2,-1
991_3,-1
991_4,-1
991_5,-1
992_1,4
992_2,-1
992_3,-1
992_4,-1
992_5,-1
993_1,8
993_2,-1
993_3,-1
993_4,-1
993_5,-1
994_1,4
994_2,-1
994_3,-1
994_4,-1
994_5,-1
995_1,4
995_2,-1
995_3,-1
995_4,-1
995_5,-1
996_1,4
996_2,-1
996_3,-1
996_4,-1
996_5,-1
997_1,4
997_2,-1
997_3,-1
997_4,-1
997_5,-1
998_1,-1
998_2,-1
998_3,-1
998_4,-1
998_5,-1
999_1,9
999_2,-1
999_3,-1
999_4,-1
999_5,-1
